-- ============================================
-- ูุงุนุฏุฉ ุจูุงูุงุช ูุธุงู ุงูุนุจุงุณู ุงูููุญุฏ - ูุงููุฉ
-- ============================================

-- ุฅูุดุงุก ูุงุนุฏุฉ ุงูุจูุงูุงุช
CREATE DATABASE IF NOT EXISTS alabasi_unified CHARACTER SET utf8mb4 COLLATE utf8mb4_unicode_ci;
USE alabasi_unified;

SET FOREIGN_KEY_CHECKS = 0;

-- ุญุฐู ุงูุฌุฏุงูู ุงููุฏููุฉ
DROP TABLE IF EXISTS journalEntries;
DROP TABLE IF EXISTS journals;
DROP TABLE IF EXISTS analyticalAccounts;
DROP TABLE IF EXISTS accounts;
DROP TABLE IF EXISTS warehouses;
DROP TABLE IF EXISTS branches;
DROP TABLE IF EXISTS companies;
DROP TABLE IF EXISTS modules;
DROP TABLE IF EXISTS users;
DROP TABLE IF EXISTS permissions;
DROP TABLE IF EXISTS userPermissions;
DROP TABLE IF EXISTS settings;

SET FOREIGN_KEY_CHECKS = 1;

-- ============================================
-- ุฌุฏูู ุงููุญุฏุงุช (Modules)
-- ============================================
CREATE TABLE modules (
  id INT AUTO_INCREMENT PRIMARY KEY,
  code VARCHAR(50) NOT NULL UNIQUE,
  nameAr VARCHAR(200) NOT NULL,
  nameEn VARCHAR(200),
  description TEXT,
  icon VARCHAR(50),
  isActive BOOLEAN NOT NULL DEFAULT TRUE,
  displayOrder INT NOT NULL DEFAULT 0,
  createdAt TIMESTAMP NOT NULL DEFAULT CURRENT_TIMESTAMP,
  updatedAt TIMESTAMP NOT NULL DEFAULT CURRENT_TIMESTAMP ON UPDATE CURRENT_TIMESTAMP
) ENGINE=InnoDB DEFAULT CHARSET=utf8mb4 COLLATE=utf8mb4_unicode_ci;

-- ============================================
-- ุฌุฏูู ุงููุคุณุณุงุช (Companies)
-- ============================================
CREATE TABLE companies (
  id INT AUTO_INCREMENT PRIMARY KEY,
  code VARCHAR(50) NOT NULL UNIQUE,
  nameAr VARCHAR(200) NOT NULL,
  nameEn VARCHAR(200),
  taxNumber VARCHAR(50),
  commercialRegister VARCHAR(50),
  phone VARCHAR(50),
  email VARCHAR(100),
  website VARCHAR(200),
  address TEXT,
  city VARCHAR(100),
  country VARCHAR(100) DEFAULT 'ุงูุณุนูุฏูุฉ',
  postalCode VARCHAR(20),
  logo VARCHAR(255),
  fiscalYearStart DATE,
  fiscalYearEnd DATE,
  currency VARCHAR(10) DEFAULT 'SAR',
  isActive BOOLEAN NOT NULL DEFAULT TRUE,
  createdAt TIMESTAMP NOT NULL DEFAULT CURRENT_TIMESTAMP,
  updatedAt TIMESTAMP NOT NULL DEFAULT CURRENT_TIMESTAMP ON UPDATE CURRENT_TIMESTAMP
) ENGINE=InnoDB DEFAULT CHARSET=utf8mb4 COLLATE=utf8mb4_unicode_ci;

-- ============================================
-- ุฌุฏูู ุงููุฑูุน (Branches)
-- ============================================
CREATE TABLE branches (
  id INT AUTO_INCREMENT PRIMARY KEY,
  companyId INT NOT NULL,
  code VARCHAR(50) NOT NULL UNIQUE,
  nameAr VARCHAR(200) NOT NULL,
  nameEn VARCHAR(200),
  phone VARCHAR(50),
  email VARCHAR(100),
  address TEXT,
  city VARCHAR(100),
  isActive BOOLEAN NOT NULL DEFAULT TRUE,
  createdAt TIMESTAMP NOT NULL DEFAULT CURRENT_TIMESTAMP,
  updatedAt TIMESTAMP NOT NULL DEFAULT CURRENT_TIMESTAMP ON UPDATE CURRENT_TIMESTAMP,
  FOREIGN KEY (companyId) REFERENCES companies(id) ON DELETE CASCADE
) ENGINE=InnoDB DEFAULT CHARSET=utf8mb4 COLLATE=utf8mb4_unicode_ci;

-- ============================================
-- ุฌุฏูู ุงููุณุชุฎุฏููู (Users)
-- ============================================
CREATE TABLE users (
  id INT AUTO_INCREMENT PRIMARY KEY,
  username VARCHAR(50) NOT NULL UNIQUE,
  password VARCHAR(255) NOT NULL,
  fullName VARCHAR(200) NOT NULL,
  email VARCHAR(100),
  phone VARCHAR(50),
  branchId INT,
  role ENUM('admin', 'manager', 'accountant', 'user') NOT NULL DEFAULT 'user',
  isActive BOOLEAN NOT NULL DEFAULT TRUE,
  lastLogin TIMESTAMP NULL,
  createdAt TIMESTAMP NOT NULL DEFAULT CURRENT_TIMESTAMP,
  updatedAt TIMESTAMP NOT NULL DEFAULT CURRENT_TIMESTAMP ON UPDATE CURRENT_TIMESTAMP,
  FOREIGN KEY (branchId) REFERENCES branches(id) ON DELETE SET NULL
) ENGINE=InnoDB DEFAULT CHARSET=utf8mb4 COLLATE=utf8mb4_unicode_ci;

-- ============================================
-- ุฌุฏูู ุฏููู ุงูุญุณุงุจุงุช (Accounts)
-- ============================================
CREATE TABLE accounts (
  id INT AUTO_INCREMENT PRIMARY KEY,
  code VARCHAR(50) NOT NULL UNIQUE,
  nameAr VARCHAR(200) NOT NULL,
  nameEn VARCHAR(200),
  parentId INT,
  type ENUM('asset', 'liability', 'equity', 'revenue', 'expense') NOT NULL,
  level INT NOT NULL DEFAULT 1,
  isParent BOOLEAN NOT NULL DEFAULT FALSE,
  isActive BOOLEAN NOT NULL DEFAULT TRUE,
  allowPosting BOOLEAN NOT NULL DEFAULT TRUE,
  description TEXT,
  createdAt TIMESTAMP NOT NULL DEFAULT CURRENT_TIMESTAMP,
  updatedAt TIMESTAMP NOT NULL DEFAULT CURRENT_TIMESTAMP ON UPDATE CURRENT_TIMESTAMP,
  createdBy INT,
  FOREIGN KEY (parentId) REFERENCES accounts(id) ON DELETE RESTRICT,
  FOREIGN KEY (createdBy) REFERENCES users(id) ON DELETE SET NULL
) ENGINE=InnoDB DEFAULT CHARSET=utf8mb4 COLLATE=utf8mb4_unicode_ci;

-- ============================================
-- ุฌุฏูู ุงูุญุณุงุจุงุช ุงูุชุญููููุฉ (Analytical Accounts)
-- ============================================
CREATE TABLE analyticalAccounts (
  id INT AUTO_INCREMENT PRIMARY KEY,
  accountId INT NOT NULL,
  code VARCHAR(50) NOT NULL UNIQUE,
  nameAr VARCHAR(200) NOT NULL,
  nameEn VARCHAR(200),
  type ENUM('customer', 'supplier', 'employee', 'project', 'cost_center', 'other') NOT NULL,
  isActive BOOLEAN NOT NULL DEFAULT TRUE,
  contactInfo JSON,
  createdAt TIMESTAMP NOT NULL DEFAULT CURRENT_TIMESTAMP,
  updatedAt TIMESTAMP NOT NULL DEFAULT CURRENT_TIMESTAMP ON UPDATE CURRENT_TIMESTAMP,
  FOREIGN KEY (accountId) REFERENCES accounts(id) ON DELETE CASCADE
) ENGINE=InnoDB DEFAULT CHARSET=utf8mb4 COLLATE=utf8mb4_unicode_ci;

-- ============================================
-- ุฌุฏูู ุงููููุฏ ุงูููููุฉ (Journals)
-- ============================================
CREATE TABLE journals (
  id INT AUTO_INCREMENT PRIMARY KEY,
  journalNumber VARCHAR(50) NOT NULL UNIQUE,
  date DATE NOT NULL,
  type ENUM('manual', 'sales', 'purchase', 'payment', 'receipt', 'opening', 'closing') NOT NULL DEFAULT 'manual',
  description TEXT,
  totalDebit DECIMAL(15,2) NOT NULL DEFAULT 0,
  totalCredit DECIMAL(15,2) NOT NULL DEFAULT 0,
  status ENUM('draft', 'posted', 'cancelled') NOT NULL DEFAULT 'draft',
  branchId INT,
  createdAt TIMESTAMP NOT NULL DEFAULT CURRENT_TIMESTAMP,
  updatedAt TIMESTAMP NOT NULL DEFAULT CURRENT_TIMESTAMP ON UPDATE CURRENT_TIMESTAMP,
  createdBy INT,
  postedAt TIMESTAMP NULL,
  postedBy INT,
  FOREIGN KEY (branchId) REFERENCES branches(id) ON DELETE SET NULL,
  FOREIGN KEY (createdBy) REFERENCES users(id) ON DELETE SET NULL,
  FOREIGN KEY (postedBy) REFERENCES users(id) ON DELETE SET NULL
) ENGINE=InnoDB DEFAULT CHARSET=utf8mb4 COLLATE=utf8mb4_unicode_ci;

-- ============================================
-- ุฌุฏูู ุชูุงุตูู ุงููููุฏ (Journal Entries)
-- ============================================
CREATE TABLE journalEntries (
  id INT AUTO_INCREMENT PRIMARY KEY,
  journalId INT NOT NULL,
  accountId INT NOT NULL,
  analyticalAccountId INT,
  debit DECIMAL(15,2) NOT NULL DEFAULT 0,
  credit DECIMAL(15,2) NOT NULL DEFAULT 0,
  description TEXT,
  createdAt TIMESTAMP NOT NULL DEFAULT CURRENT_TIMESTAMP,
  FOREIGN KEY (journalId) REFERENCES journals(id) ON DELETE CASCADE,
  FOREIGN KEY (accountId) REFERENCES accounts(id) ON DELETE RESTRICT,
  FOREIGN KEY (analyticalAccountId) REFERENCES analyticalAccounts(id) ON DELETE SET NULL
) ENGINE=InnoDB DEFAULT CHARSET=utf8mb4 COLLATE=utf8mb4_unicode_ci;

-- ============================================
-- ุฌุฏูู ุงููุฎุงุฒู (Warehouses)
-- ============================================
CREATE TABLE warehouses (
  id INT AUTO_INCREMENT PRIMARY KEY,
  code VARCHAR(50) NOT NULL UNIQUE,
  nameAr VARCHAR(200) NOT NULL,
  nameEn VARCHAR(200),
  branchId INT NOT NULL,
  address TEXT,
  isActive BOOLEAN NOT NULL DEFAULT TRUE,
  createdAt TIMESTAMP NOT NULL DEFAULT CURRENT_TIMESTAMP,
  updatedAt TIMESTAMP NOT NULL DEFAULT CURRENT_TIMESTAMP ON UPDATE CURRENT_TIMESTAMP,
  FOREIGN KEY (branchId) REFERENCES branches(id) ON DELETE CASCADE
) ENGINE=InnoDB DEFAULT CHARSET=utf8mb4 COLLATE=utf8mb4_unicode_ci;

-- ============================================
-- ุฌุฏูู ุงูุตูุงุญูุงุช (Permissions)
-- ============================================
CREATE TABLE permissions (
  id INT AUTO_INCREMENT PRIMARY KEY,
  code VARCHAR(50) NOT NULL UNIQUE,
  nameAr VARCHAR(200) NOT NULL,
  nameEn VARCHAR(200),
  moduleCode VARCHAR(50),
  description TEXT,
  createdAt TIMESTAMP NOT NULL DEFAULT CURRENT_TIMESTAMP,
  FOREIGN KEY (moduleCode) REFERENCES modules(code) ON DELETE CASCADE
) ENGINE=InnoDB DEFAULT CHARSET=utf8mb4 COLLATE=utf8mb4_unicode_ci;

-- ============================================
-- ุฌุฏูู ุตูุงุญูุงุช ุงููุณุชุฎุฏููู (User Permissions)
-- ============================================
CREATE TABLE userPermissions (
  id INT AUTO_INCREMENT PRIMARY KEY,
  userId INT NOT NULL,
  permissionId INT NOT NULL,
  granted BOOLEAN NOT NULL DEFAULT TRUE,
  createdAt TIMESTAMP NOT NULL DEFAULT CURRENT_TIMESTAMP,
  FOREIGN KEY (userId) REFERENCES users(id) ON DELETE CASCADE,
  FOREIGN KEY (permissionId) REFERENCES permissions(id) ON DELETE CASCADE,
  UNIQUE KEY unique_user_permission (userId, permissionId)
) ENGINE=InnoDB DEFAULT CHARSET=utf8mb4 COLLATE=utf8mb4_unicode_ci;

-- ============================================
-- ุฌุฏูู ุงูุฅุนุฏุงุฏุงุช (Settings)
-- ============================================
CREATE TABLE settings (
  id INT AUTO_INCREMENT PRIMARY KEY,
  keyName VARCHAR(100) NOT NULL UNIQUE,
  keyValue TEXT,
  category VARCHAR(50),
  description TEXT,
  updatedAt TIMESTAMP NOT NULL DEFAULT CURRENT_TIMESTAMP ON UPDATE CURRENT_TIMESTAMP,
  updatedBy INT,
  FOREIGN KEY (updatedBy) REFERENCES users(id) ON DELETE SET NULL
) ENGINE=InnoDB DEFAULT CHARSET=utf8mb4 COLLATE=utf8mb4_unicode_ci;

-- ============================================
-- ุฅุฏุฑุงุฌ ุงูุจูุงูุงุช ุงูุฃูููุฉ
-- ============================================

-- ุงููุญุฏุงุช
INSERT INTO modules (code, nameAr, nameEn, icon, displayOrder) VALUES
('accounting', 'ุงููุญุงุณุจุฉ', 'Accounting', '๐', 1),
('inventory', 'ุงููุฎุฒูู', 'Inventory', '๐ฆ', 2),
('sales', 'ุงููุจูุนุงุช', 'Sales', '๐ฐ', 3),
('purchases', 'ุงููุดุชุฑูุงุช', 'Purchases', '๐', 4),
('hr', 'ุงูููุงุฑุฏ ุงูุจุดุฑูุฉ', 'Human Resources', '๐ฅ', 5),
('reports', 'ุงูุชูุงุฑูุฑ', 'Reports', '๐', 6),
('settings', 'ุงูุฅุนุฏุงุฏุงุช', 'Settings', 'โ๏ธ', 7);

-- ูุคุณุณุฉ ุงูุชุฑุงุถูุฉ
INSERT INTO companies (code, nameAr, nameEn, taxNumber, phone, email, city, country, currency, fiscalYearStart, fiscalYearEnd) VALUES
('COMP001', 'ุดุฑูุฉ ุงูุนุจุงุณู', 'Al-Abasi Company', '300000000000003', '0500000000', 'info@alabasi.com', 'ุงูุฑูุงุถ', 'ุงูุณุนูุฏูุฉ', 'SAR', '2025-01-01', '2025-12-31');

-- ูุฑุน ุงูุชุฑุงุถู
INSERT INTO branches (companyId, code, nameAr, nameEn, city) VALUES
(1, 'BR001', 'ุงููุฑุน ุงูุฑุฆูุณู', 'Main Branch', 'ุงูุฑูุงุถ');

-- ูุณุชุฎุฏู ุงูุชุฑุงุถู (admin/admin123)
INSERT INTO users (username, password, fullName, email, branchId, role) VALUES
('admin', '$2y$10$e0MYzXyjpJS7Pd2ALwuQdO.iYCGGp4VLD/nFHEEJNfkRh4Lw6qpPO', 'ุงููุฏูุฑ ุงูุนุงู', 'admin@alabasi.com', 1, 'admin');

-- ุฏููู ุงูุญุณุงุจุงุช
INSERT INTO accounts (code, nameAr, nameEn, type, level, isParent, allowPosting) VALUES
-- ุงูุฃุตูู (1)
('1', 'ุงูุฃุตูู', 'Assets', 'asset', 1, TRUE, FALSE),
('11', 'ุงูุฃุตูู ุงููุชุฏุงููุฉ', 'Current Assets', 'asset', 2, TRUE, FALSE),
('111', 'ุงูููุฏูุฉ ููุง ูู ุญูููุง', 'Cash and Cash Equivalents', 'asset', 3, TRUE, FALSE),
('1111', 'ุงูุตูุฏูู', 'Cash on Hand', 'asset', 4, FALSE, TRUE),
('1112', 'ุงูุจูู', 'Bank', 'asset', 4, FALSE, TRUE),
('112', 'ุงูุนููุงุก', 'Accounts Receivable', 'asset', 3, TRUE, FALSE),
('1121', 'ุนููุงุก ูุญูููู', 'Local Customers', 'asset', 4, FALSE, TRUE),
('113', 'ุงููุฎุฒูู', 'Inventory', 'asset', 3, TRUE, FALSE),
('1131', 'ูุฎุฒูู ุจุถุงุนุฉ', 'Merchandise Inventory', 'asset', 4, FALSE, TRUE),
('12', 'ุงูุฃุตูู ุงูุซุงุจุชุฉ', 'Fixed Assets', 'asset', 2, TRUE, FALSE),
('121', 'ุงูุฃุฑุงุถู', 'Land', 'asset', 3, FALSE, TRUE),
('122', 'ุงููุจุงูู', 'Buildings', 'asset', 3, FALSE, TRUE),

-- ุงูุฎุตูู (2)
('2', 'ุงูุฎุตูู', 'Liabilities', 'liability', 1, TRUE, FALSE),
('21', 'ุงูุฎุตูู ุงููุชุฏุงููุฉ', 'Current Liabilities', 'liability', 2, TRUE, FALSE),
('211', 'ุงูููุฑุฏูู', 'Accounts Payable', 'liability', 3, TRUE, FALSE),
('2111', 'ููุฑุฏูู ูุญูููู', 'Local Suppliers', 'liability', 4, FALSE, TRUE),

-- ุญููู ุงูููููุฉ (3)
('3', 'ุญููู ุงูููููุฉ', 'Equity', 'equity', 1, TRUE, FALSE),
('31', 'ุฑุฃุณ ุงููุงู', 'Capital', 'equity', 2, FALSE, TRUE),
('32', 'ุงูุฃุฑุจุงุญ ุงููุญุชุฌุฒุฉ', 'Retained Earnings', 'equity', 2, FALSE, TRUE),

-- ุงูุฅูุฑุงุฏุงุช (4)
('4', 'ุงูุฅูุฑุงุฏุงุช', 'Revenue', 'revenue', 1, TRUE, FALSE),
('41', 'ุฅูุฑุงุฏุงุช ุงููุจูุนุงุช', 'Sales Revenue', 'revenue', 2, TRUE, FALSE),
('411', 'ูุจูุนุงุช ุจุถุงุนุฉ', 'Merchandise Sales', 'revenue', 3, FALSE, TRUE),

-- ุงููุตุฑููุงุช (5)
('5', 'ุงููุตุฑููุงุช', 'Expenses', 'expense', 1, TRUE, FALSE),
('51', 'ุชูููุฉ ุงููุจูุนุงุช', 'Cost of Sales', 'expense', 2, FALSE, TRUE),
('52', 'ูุตุฑููุงุช ุฅุฏุงุฑูุฉ', 'Administrative Expenses', 'expense', 2, TRUE, FALSE),
('521', 'ุฑูุงุชุจ ูุฃุฌูุฑ', 'Salaries and Wages', 'expense', 3, FALSE, TRUE),
('522', 'ุฅูุฌุงุฑุงุช', 'Rent', 'expense', 3, FALSE, TRUE);

-- ูุฎุฒู ุงูุชุฑุงุถู
INSERT INTO warehouses (code, nameAr, nameEn, branchId) VALUES
('WH001', 'ุงููุฎุฒู ุงูุฑุฆูุณู', 'Main Warehouse', 1);

-- ุงูุตูุงุญูุงุช
INSERT INTO permissions (code, nameAr, nameEn, moduleCode) VALUES
('accounts.view', 'ุนุฑุถ ุงูุญุณุงุจุงุช', 'View Accounts', 'accounting'),
('accounts.add', 'ุฅุถุงูุฉ ุญุณุงุจุงุช', 'Add Accounts', 'accounting'),
('accounts.edit', 'ุชุนุฏูู ุญุณุงุจุงุช', 'Edit Accounts', 'accounting'),
('accounts.delete', 'ุญุฐู ุญุณุงุจุงุช', 'Delete Accounts', 'accounting'),
('journals.view', 'ุนุฑุถ ุงููููุฏ', 'View Journals', 'accounting'),
('journals.add', 'ุฅุถุงูุฉ ูููุฏ', 'Add Journals', 'accounting'),
('journals.edit', 'ุชุนุฏูู ูููุฏ', 'Edit Journals', 'accounting'),
('journals.delete', 'ุญุฐู ูููุฏ', 'Delete Journals', 'accounting'),
('reports.view', 'ุนุฑุถ ุงูุชูุงุฑูุฑ', 'View Reports', 'reports'),
('settings.manage', 'ุฅุฏุงุฑุฉ ุงูุฅุนุฏุงุฏุงุช', 'Manage Settings', 'settings');

-- ุฅุนุฏุงุฏุงุช ุงููุธุงู
INSERT INTO settings (keyName, keyValue, category, description) VALUES
('system_name', 'ูุธุงู ุงูุนุจุงุณู ุงูููุญุฏ', 'general', 'ุงุณู ุงููุธุงู'),
('default_currency', 'SAR', 'general', 'ุงูุนููุฉ ุงูุงูุชุฑุงุถูุฉ'),
('date_format', 'Y-m-d', 'general', 'ุตูุบุฉ ุงูุชุงุฑูุฎ'),
('fiscal_year_start', '2025-01-01', 'accounting', 'ุจุฏุงูุฉ ุงูุณูุฉ ุงููุงููุฉ'),
('fiscal_year_end', '2025-12-31', 'accounting', 'ููุงูุฉ ุงูุณูุฉ ุงููุงููุฉ');

-- ุฑุณุงูุฉ ูุฌุงุญ
SELECT 'โ ุชู ุฅูุดุงุก ูุงุนุฏุฉ ุงูุจูุงูุงุช ูุงูุฌุฏุงูู ุจูุฌุงุญ!' AS status;
SELECT CONCAT('โ ุชู ุฅุถุงูุฉ ', COUNT(*), ' ุญุณุงุจ') AS accounts_status FROM accounts;
SELECT 'โ ููููู ุชุณุฌูู ุงูุฏุฎูู ุจู: admin / admin123' AS login_info;
